State Name,District Name,Population,Literacy Rate,Sex Ratio,Workers
JAMMU AND KASHMIR,Kupwara,870354,50.51438839828391,835.4541428541302,229064
JAMMU AND KASHMIR,Badgam,753745,44.53084265898944,893.636585175899,214866
JAMMU AND KASHMIR,Leh(Ladakh),133487,70.24654086165694,690.329361411151,75079
JAMMU AND KASHMIR,Kargil,140802,61.246289115211425,810.1433438323584,51873
JAMMU AND KASHMIR,Punch,476835,54.88774943114495,892.9610677295266,161393
JAMMU AND KASHMIR,Rajouri,642415,56.678159756543664,860.1799328798816,290912
JAMMU AND KASHMIR,Kathua,616435,63.1378815284661,890.2728842196934,200431
JAMMU AND KASHMIR,Baramula,1008039,54.080149676748626,885.1258478530407,304200
JAMMU AND KASHMIR,Bandipore,392232,47.41556017866977,888.6363636363636,149317
JAMMU AND KASHMIR,Srinagar,1236829,60.52445406761969,899.5291219491219,407188
JAMMU AND KASHMIR,Ganderbal,297446,48.168743234066014,874.0297379032259,100890
JAMMU AND KASHMIR,Pulwama,560440,52.451288273499394,912.3467911445964,188420
JAMMU AND KASHMIR,Shupiyan,266215,51.27434592340777,950.5788393903869,87721
JAMMU AND KASHMIR,Anantnag,1078692,50.57347231647217,927.0374995310549,389684
JAMMU AND KASHMIR,Kulgam,424483,49.25638953739019,950.5698005698006,159990
JAMMU AND KASHMIR,Doda,409936,53.443220405136415,918.8077194920451,151912
JAMMU AND KASHMIR,Ramban,283713,43.72905013164712,902.4287208647372,87212
JAMMU AND KASHMIR,Kishtwar,230696,46.60072129555779,919.8269046727416,82974
JAMMU AND KASHMIR,Udhampur,554985,58.083371622656465,869.9963609898108,243672
JAMMU AND KASHMIR,Reasi,314667,47.84168660838283,890.3346729864653,144767
JAMMU AND KASHMIR,Jammu,1529958,74.32458930245144,879.9686909037737,508622
JAMMU AND KASHMIR,Samba,318898,71.53980269553274,885.5869066483764,92526
HIMACHAL PRADESH,Chamba,519080,62.3876859058334,986.3768559620388,294035
HIMACHAL PRADESH,Kangra,1510075,76.32998361008559,1011.8479971116094,675170
HIMACHAL PRADESH,Lahul AND Spiti,31564,69.20859206691166,902.8213166144201,19295
HIMACHAL PRADESH,Kullu,437903,70.26030878984615,942.3336231215513,269084
HIMACHAL PRADESH,Mandi,999777,72.39084315802424,1007.3223374459157,572671
HIMACHAL PRADESH,Hamirpur,454768,78.74146817718045,1095.0292532362832,241931
HIMACHAL PRADESH,Una,521173,76.69526241766171,976.4460051878707,215346
HIMACHAL PRADESH,Bilaspur,381956,75.3018672307805,981.469569006661,205871
HIMACHAL PRADESH,Solan,580320,73.85201268265784,879.5545968635224,298737
HIMACHAL PRADESH,Sirmaur,529855,68.44230968849968,917.7564072402448,280083
HIMACHAL PRADESH,Shimla,814010,75.26222036584316,915.1419046252227,430926
HIMACHAL PRADESH,Kinnaur,84121,72.15677417054005,818.8717593893922,56273
PUNJAB,Gurdaspur,2298323,71.12659969899792,895.3412330521509,757138
PUNJAB,Kapurthala,815168,70.72983728507498,912.1439512468596,284165
PUNJAB,Jalandhar,2193590,73.96719532820627,915.4461492249027,774472
PUNJAB,Hoshiarpur,1586625,75.61326715512487,961.0793800684006,499822
PUNJAB,Shahid Bhagat Singh Nagar,612310,71.6073557511718,954.4449090462223,204329
PUNJAB,Fatehgarh Sahib,600163,70.98621541147988,870.8614535762714,214783
PUNJAB,Ludhiana,3498739,73.17564985556224,873.1711260638093,1284822
PUNJAB,Moga,995746,63.057145095235136,893.3411925768178,359172
PUNJAB,Firozpur,2029074,60.49611793359927,893.434063960091,756695
PUNJAB,Muktsar,901896,58.19384940170485,896.2453376841273,335326
PUNJAB,Faridkot,617508,61.745758759400694,890.3055367632878,221555
PUNJAB,Bathinda,1388525,60.84643776669487,868.313515797292,549986
PUNJAB,Mansa,769751,55.025586196055606,883.2658074239355,328512
PUNJAB,Patiala,1895686,66.82493830729351,890.9171070560049,660267
PUNJAB,Amritsar,2490656,67.6436248120977,889.1390222146711,917856
PUNJAB,Tarn Taran,1119627,59.498565147142756,899.7045993257195,380702
PUNJAB,Rupnagar,684627,73.43137211941685,915.1209141642307,233676
PUNJAB,Sahibzada Ajit Singh Nagar,994628,74.05532520701207,879.3053605742433,355995
PUNJAB,Sangrur,1655169,60.54227695177955,885.0960503582455,568758
PUNJAB,Barnala,595527,60.42228144147956,875.5456314838027,209331
CHANDIGARH,Chandigarh,1055450,76.31228385996495,817.6636017793454,404136
UTTARAKHAND,Uttarkashi,330086,65.17271256581618,957.8402937181563,157276
UTTARAKHAND,Chamoli,391605,71.6425990475096,1018.6761241500894,180940
UTTARAKHAND,Rudraprayag,242285,70.55038487731392,1114.3827068915864,113032
UTTARAKHAND,Tehri Garhwal,618931,65.91914122898999,1077.047243830247,280442
UTTARAKHAND,Dehradun,1696694,74.23294948882946,901.6990604114104,582768
UTTARAKHAND,Garhwal,687271,72.00783970224263,1102.8458306943387,274152
UTTARAKHAND,Pithoragarh,483439,71.47747699296086,1020.1708273089685,216490
UTTARAKHAND,Bageshwar,259898,69.0590154599112,1090.4557373357143,123638
UTTARAKHAND,Almora,622506,70.11932415109253,1138.6005957104724,298211
UTTARAKHAND,Champawat,259648,68.44882302193739,980.1563393708293,99566
UTTARAKHAND,Nainital,954605,72.96211522043149,933.7061900151115,376181
UTTARAKHAND,Udham Singh Nagar,1648902,62.94121785284996,920.0449939041644,591458
UTTARAKHAND,Hardwar,1890422,62.3328547805728,880.4649381524827,578121
HARYANA,Panchkula,561293,72.2114831291322,872.9807560756676,211479
HARYANA,Ambala,1128350,72.49745203172775,884.6573342709156,372139
HARYANA,Yamunanagar,1214205,68.55983956580644,877.4875602658345,389233
HARYANA,Kurukshetra,964655,67.05951868802836,887.8675319388778,336780
HARYANA,Kaithal,1074304,60.18119638389133,881.4331973737442,373899
HARYANA,Karnal,1505324,64.97026553751883,887.0519686302825,516062
HARYANA,Panipat,1205437,65.25426048810515,863.52934265224,412318
HARYANA,Sonipat,1450001,68.84933182804701,855.8848789003953,523179
HARYANA,Jind,1334152,62.41852502563427,871.1651795356561,523422
HARYANA,Fatehabad,942011,59.19017930788494,901.6694928940568,369083
HARYANA,Sirsa,1295189,60.446544867196984,897.4848443117456,502003
HARYANA,Hisar,1743931,63.89650737328484,872.05038419343,691621
HARYANA,Bhiwani,1634445,65.45775477302693,885.8864714678679,623006
HARYANA,Rohtak,1061204,70.44658708410448,866.7426589196787,345967
HARYANA,Jhajjar,958405,70.5433506711672,862.1846747508583,326534
HARYANA,Mahendragarh,922088,68.35085154562255,894.7078585885569,338584
HARYANA,Rewari,900332,70.74579155244955,898.0931198414622,337727
HARYANA,Gurgaon,1514432,73.3684972319655,854.3535490822711,544716
HARYANA,Mewat,1089263,41.76190690402593,907.0999121089989,289964
HARYANA,Faridabad,1809733,70.32744609287668,873.2163004212771,579229
HARYANA,Palwal,1042708,57.522911495835835,880.4574235748795,309563
NCT OF DELHI,North West,3656539,74.05513793234532,864.7039504885968,1188545
NCT OF DELHI,North,887978,76.7493113568129,869.4194971810645,296446
NCT OF DELHI,North East,2241624,71.89376987398421,886.2141069061994,661386
NCT OF DELHI,East,1709346,79.15296259505097,883.5768595041322,579692
NCT OF DELHI,New Delhi,142004,80.40548153573138,821.9188627440917,59541
NCT OF DELHI,Central,582320,75.96510509685397,891.7487760744068,207374
NCT OF DELHI,West,2543243,77.11331555812795,875.2160384592697,874320
NCT OF DELHI,South West,2292958,77.9643150899406,840.1872804053783,795352
NCT OF DELHI,South,2731929,76.07818504800088,861.712465620119,924393
RAJASTHAN,Ganganagar,1969168,60.6013808877658,887.3694097801292,912672
RAJASTHAN,Hanumangarh,1774692,58.271294399253506,905.8446021409302,835260
RAJASTHAN,Bikaner,2363937,54.09623860534354,905.170128006022,986208
RAJASTHAN,Churu,2039547,56.34922852966859,939.7543953755114,902829
RAJASTHAN,Jhunjhunun,2137045,64.12405915645202,950.0436172775519,894649
RAJASTHAN,Alwar,3674179,59.40037216477477,894.8580369732019,1708542
RAJASTHAN,Bharatpur,2548462,58.108341423179944,879.7765920252323,1071154
RAJASTHAN,Dhaulpur,1206516,56.617400846735556,845.821980365549,523212
RAJASTHAN,Karauli,1458248,55.26145072717398,860.8670574078116,628726
RAJASTHAN,Sawai Madhopur,1335551,55.53872521528568,897.005955703655,578068
RAJASTHAN,Dausa,1634409,57.39389589753849,905.378607976106,684495
RAJASTHAN,Jaipur,6626178,64.90868491610095,910.3833436115308,2464893
RAJASTHAN,Sikar,2677333,61.7075649536311,947.1654339304287,1006504
RAJASTHAN,Nagaur,3307743,53.16688751211929,949.9465019969641,1425882
RAJASTHAN,Jodhpur,3687165,55.09739867893083,916.4776436540245,1489741
RAJASTHAN,Jaisalmer,669919,46.07318198170226,852.0989306291262,288903
RAJASTHAN,Barmer,2603751,45.63884949060029,901.905886099712,1202482
RAJASTHAN,Jalor,1828730,45.36383173021715,952.4488754412076,896644
RAJASTHAN,Sirohi,1036346,46.008379440843115,939.8836832755868,419829
RAJASTHAN,Pali,2037573,53.28363695435697,987.0580112383,842327
RAJASTHAN,Ajmer,2583052,59.10345591184382,950.8203778458331,1053722
RAJASTHAN,Tonk,1421326,52.743635168849366,952.0062186184999,649161
RAJASTHAN,Bundi,1110906,52.66368171564471,924.7799570309793,526091
RAJASTHAN,Bhilwara,2408523,52.15337366510513,973.0089061025479,1148165
RAJASTHAN,Rajsamand,1156597,53.53109164211908,989.5396661844466,550831
RAJASTHAN,Dungarpur,1388552,49.086458411352254,993.5221928066478,641515
RAJASTHAN,Banswara,1797485,46.13907765572453,980.1455019752048,916574
RAJASTHAN,Chittaurgarh,1544338,53.215358295917085,971.903964779084,802755
RAJASTHAN,Kota,1951014,66.5471903328218,910.5841292411285,748811
RAJASTHAN,Baran,1222755,56.70040196114512,928.8029718666446,552583
RAJASTHAN,Jhalawar,1411129,52.42554011716859,946.0009956656825,685950
RAJASTHAN,Udaipur,3068420,51.57797824287418,958.3980352322982,1365783
RAJASTHAN,Pratapgarh,867848,46.26559028770015,982.5468767133302,481294
UTTAR PRADESH,Saharanpur,3466382,59.92149739988264,889.9572870924582,1037344
UTTAR PRADESH,Muzaffarnagar,4143512,58.34034027173084,889.0525085322831,1291644
UTTAR PRADESH,Bijnor,3682713,57.984236078130444,916.8666703101943,1088036
UTTAR PRADESH,Moradabad,4772006,47.44017505426439,906.3729183528511,1417811
UTTAR PRADESH,Rampur,2335819,44.68094488485623,908.5219329530701,737261
UTTAR PRADESH,Jyotiba Phule Nagar,1840221,53.42347468048675,910.0346774972002,599089
UTTAR PRADESH,Meerut,3443689,62.18587102377712,886.1849668874535,1090539
UTTAR PRADESH,Baghpat,1303048,61.23872643218055,861.3110117559672,416695
UTTAR PRADESH,Ghaziabad,4681645,66.71296093573946,881.0595644386085,1520538
UTTAR PRADESH,Gautam Buddha Nagar,1648115,68.13523328165813,851.369445998378,569109
UTTAR PRADESH,Bulandshahr,3499171,58.0610664640282,896.3024180874239,1173260
UTTAR PRADESH,Aligarh,3673889,56.957817723943215,882.1191231949246,1174361
UTTAR PRADESH,Mahamaya Nagar,1564708,60.23948238265542,871.3759991006151,484115
UTTAR PRADESH,Mathura,2547184,59.19266138606398,863.1683276949803,840939
UTTAR PRADESH,Agra,4418797,60.66153299189803,868.4502398144909,1389844
UTTAR PRADESH,Firozabad,2498156,60.91717250644075,875.4277254689403,761521
UTTAR PRADESH,Mainpuri,1868529,64.42955929503904,880.986775413564,560840
UTTAR PRADESH,Budaun,3681896,42.02935118210835,871.111248887694,1107343
UTTAR PRADESH,Bareilly,4448359,49.271180675840235,886.7646591012718,1401971
UTTAR PRADESH,Pilibhit,2031007,52.24477315932441,894.5925474019638,618605
UTTAR PRADESH,Shahjahanpur,3006538,49.589594410581206,871.5963553354917,892214
UTTAR PRADESH,Kheri,4021243,50.58246915195127,893.9655338884422,1264718
UTTAR PRADESH,Sitapur,4483992,50.93080005495103,887.7867891737508,1422602
UTTAR PRADESH,Hardoi,4092845,54.28011566526463,867.6492464778898,1318946
UTTAR PRADESH,Unnao,3108367,57.05838467594078,906.8718418096703,1124744
UTTAR PRADESH,Lucknow,4589838,68.13443088841044,916.8444369457034,1542806
UTTAR PRADESH,Rae Bareli,3405559,57.72453215463306,943.2110614182142,1204710
UTTAR PRADESH,Farrukhabad,1885204,57.96067693469779,873.5132771505804,592267
UTTAR PRADESH,Kannauj,1656616,61.3954591770211,878.7265700132459,524676
UTTAR PRADESH,Etawah,1581810,67.13846795759288,870.0700828509817,506072
UTTAR PRADESH,Auraiya,1379545,67.47413096346983,864.1492351764769,442023
UTTAR PRADESH,Kanpur Dehat,1796184,65.15162143744739,864.7024931093013,628864
UTTAR PRADESH,Kanpur Nagar,4581268,70.78874233072591,862.4509412530907,1572232
UTTAR PRADESH,Jalaun,1689974,63.622043889432625,865.1240712863595,620764
UTTAR PRADESH,Jhansi,1998603,65.27124196251081,890.0463006744617,814914
UTTAR PRADESH,Lalitpur,1221592,52.48814661523651,905.727046805749,503351
UTTAR PRADESH,Hamirpur,1104285,59.16036168199332,860.5158566357278,443655
UTTAR PRADESH,Mahoba,875958,55.72253464207188,878.2952152638102,349676
UTTAR PRADESH,Banda,1799410,55.73699156945888,862.9824118209791,701689
UTTAR PRADESH,Chitrakoot,991730,53.55005898782935,879.2695382598001,394197
UTTAR PRADESH,Fatehpur,2632733,57.437119525603244,901.2718798430299,1063929
UTTAR PRADESH,Pratapgarh,3209141,60.18928429757371,998.1140475130519,1066601
UTTAR PRADESH,Kaushambi,1599596,50.851840089622634,907.7216646690161,639086
UTTAR PRADESH,Allahabad,5954391,61.56342437035123,901.2637113334251,2111907
UTTAR PRADESH,Bara Banki,3260699,51.90476029832867,910.1110497324953,1192850
UTTAR PRADESH,Faizabad,2470996,58.71725409510983,961.687101271169,831209
UTTAR PRADESH,Ambedkar Nagar,2397888,62.010360784156724,977.7863923920125,787398
UTTAR PRADESH,Sultanpur,3797117,58.9895439092343,983.2574770733726,1242632
UTTAR PRADESH,Bahraich,3487731,40.09391779354543,891.5132405292306,1152160
UTTAR PRADESH,Shrawasti,1117361,37.885070268248136,881.4053615357545,403755
UTTAR PRADESH,Balrampur,2148665,40.413791819571685,927.5361278741497,760253
UTTAR PRADESH,Gonda,3433919,48.92351858037421,921.454094964821,1170552
UTTAR PRADESH,Siddharthnagar,2559297,48.018108097653375,976.1461514406279,878898
UTTAR PRADESH,Basti,2464464,56.55521849781535,963.2908246180908,783688
UTTAR PRADESH,Sant Kabir Nagar,1715183,55.67621647369406,972.2545466253323,539469
UTTAR PRADESH,Mahrajganj,2684703,52.86037226464156,942.9674167760686,994253
UTTAR PRADESH,Gorakhpur,4440895,60.805941144746726,949.6618852503999,1351629
UTTAR PRADESH,Kushinagar,3564544,54.84067527291009,960.6359543578164,1116973
UTTAR PRADESH,Deoria,3100946,60.47312658782191,1016.959405139466,876246
UTTAR PRADESH,Azamgarh,4613913,60.077357332051996,1019.2144083774033,1372032
UTTAR PRADESH,Mau,2205968,61.788928941852284,978.9631195226737,696747
UTTAR PRADESH,Ballia,3239774,60.608857284489595,936.6191205462126,1019483
UTTAR PRADESH,Jaunpur,4494204,60.782220833767234,1023.9922718889962,1437375
UTTAR PRADESH,Ghazipur,3620268,60.70127957377741,951.5480506178995,1204602
UTTAR PRADESH,Chandauli,1952756,60.15119144429719,918.4069240253266,652543
UTTAR PRADESH,Varanasi,3676841,65.37957447711229,913.1709591296334,1220708
UTTAR PRADESH,Sant Ravidas Nagar (Bhadohi),1578213,57.669402038888286,955.4143915430449,470608
UTTAR PRADESH,Mirzapur,2496970,57.216666599919094,902.7403753099516,881996
UTTAR PRADESH,Sonbhadra,1862559,52.92224300008751,917.5070829695761,730399
UTTAR PRADESH,Etah,1774480,59.4654208556873,873.1203930166498,545984
UTTAR PRADESH,Kanshiram Nagar,1436719,50.45175848582778,880.1162052698043,472765
BIHAR,Pashchim Champaran,3935042,44.713144103671574,909.1858270543543,1478947
BIHAR,Purba Champaran,5099371,44.65172273207813,901.8923925736487,1737539
BIHAR,Sheohar,656246,43.23043492836528,892.9827243540743,216372
BIHAR,Sitamarhi,3423574,41.96766303284229,898.5554986213796,1114583
BIHAR,Madhubani,4487379,48.03111125670464,926.481756638116,1636938
BIHAR,Supaul,2229076,46.35476762568885,929.4631704958871,877682
BIHAR,Araria,2811569,42.530274021373835,921.3459957507963,1069893
BIHAR,Kishanganj,1690400,44.07572172266919,949.7791157710186,529064
BIHAR,Purnia,3264619,40.81107167482637,921.0760458287482,1143318
BIHAR,Katihar,3071029,41.68602771253544,918.8774266915767,1013566
BIHAR,Madhepura,2001762,41.692119242946966,910.8823464835871,777546
BIHAR,Saharsa,1900661,42.35347597493714,906.0474902073258,649898
BIHAR,Darbhanga,3937385,46.138084032930486,911.3992627972829,1223640
BIHAR,Muzaffarpur,4801062,52.264103233826184,899.5322249640652,1547586
BIHAR,Gopalganj,2562012,53.98093373489273,1021.0465532719186,728201
BIHAR,Siwan,3330464,57.95513778260326,988.2298861553708,932416
BIHAR,Saran,3951862,54.59335371528662,953.6390021657872,1040231
BIHAR,Vaishali,3495021,55.12813799974307,894.7978758874187,1060344
BIHAR,Samastipur,4261566,50.28386278659066,911.0135726274807,1343400
BIHAR,Begusarai,2970541,52.13437552284247,894.888560019392,938182
BIHAR,Khagaria,1666886,46.07561644887533,886.0742306395439,560805
BIHAR,Bhagalpur,3037766,51.78364627163514,880.1977887715445,983528
BIHAR,Banka,2034763,47.44144649770023,906.7441947635737,771080
BIHAR,Munger,1367765,58.62242417374329,876.1153350771767,426658
BIHAR,Lakhisarai,1000912,50.68077912943396,901.6272596870873,326576
BIHAR,Sheikhpura,636342,51.65084184290837,929.8120051070076,224655
BIHAR,Nalanda,2877653,52.818494794195125,922.2028509211387,1045420
BIHAR,Patna,5838465,59.25665393215511,896.5217611625357,1881886
BIHAR,Bhojpur,2728407,58.61116028510409,907.4700429256561,822493
BIHAR,Buxar,1706352,58.00719898356259,921.6173391878393,538322
BIHAR,Kaimur (Bhabua),1626384,56.584176922547194,920.156409753886,511163
BIHAR,Rohtas,2959918,60.806819648382145,917.609193376809,924879
BIHAR,Aurangabad,2540073,57.71495543632014,926.218108356513,837770
BIHAR,Gaya,4391418,52.32052608064184,937.4763408610206,1664062
BIHAR,Nawada,2219146,49.163597167559054,938.6809100979499,817041
BIHAR,Jamui,1760405,48.77218594584769,921.7052520347924,727571
BIHAR,Jehanabad,1125313,54.99634323961422,921.7001205638151,365378
BIHAR,Arwal,700843,55.126611808921545,928.0571779134353,236354
SIKKIM,North  District,43709,69.66528632547073,767.4484431864132,23359
SIKKIM,West District,136435,68.48096163008026,942.4670406332755,70348
SIKKIM,South District,146850,72.68709567585972,915.351506456241,74753
SIKKIM,East District,283583,75.57893103606351,872.6755243277511,139678
ARUNACHAL PRADESH,Tawang,49977,52.169998199171616,714.418030256252,28561
ARUNACHAL PRADESH,West Kameng,83947,57.76501840446948,818.8061965117539,42493
ARUNACHAL PRADESH,East Kameng,78690,48.861354682933026,1029.4003868471953,31710
ARUNACHAL PRADESH,Papum Pare,176573,68.55408244748631,979.9174721356327,65772
ARUNACHAL PRADESH,Upper Subansiri,83448,54.25893969897421,998.371569519613,33370
ARUNACHAL PRADESH,West Siang,112274,57.66784829969539,930.1677898500894,49177
ARUNACHAL PRADESH,East Siang,99214,63.07174390710988,979.6871258679862,40222
ARUNACHAL PRADESH,Upper Siang,35320,51.514722536806346,888.8710626236697,17644
ARUNACHAL PRADESH,Changlang,148226,49.3665079000985,926.3138743047252,62966
ARUNACHAL PRADESH,Tirap,111975,42.843491850859564,943.8754253176863,50169
ARUNACHAL PRADESH,Lower Subansiri,83030,65.1053835962905,984.3223478240088,30202
ARUNACHAL PRADESH,Kurung Kumey,92076,39.756288283591815,1031.7754534622004,38044
ARUNACHAL PRADESH,Dibang Valley,8004,55.42228885557221,813.3212505663797,3555
ARUNACHAL PRADESH,Lower Dibang Valley,54080,58.89238165680474,927.7795601183474,22326
ARUNACHAL PRADESH,Lohit,145726,56.998751080795465,911.887799950145,60945
ARUNACHAL PRADESH,Anjaw,21167,47.19610714791893,839.489006691579,10501
NAGALAND,Mon,250260,47.80068728522337,899.4633898279357,147654
NAGALAND,Mokokchung,194622,81.95065306080505,925.1968503937009,100067
NAGALAND,Zunheboto,140757,73.09121393607423,976.4522515691478,79466
NAGALAND,Wokha,166343,77.07447863751405,968.4397372936513,78412
NAGALAND,Dimapur,378811,73.39728782955089,919.0603564444715,151350
NAGALAND,Phek,163418,64.79885936677722,951.4228054882199,80277
NAGALAND,Tuensang,196596,59.77283362835459,928.6786418529819,98154
NAGALAND,Longleng,50484,59.14547183265986,904.9128367670365,30568
NAGALAND,Kiphire,74004,55.71590724825685,956.2252180808882,31959
NAGALAND,Kohima,267988,73.69322506977925,928.4429284861045,114825
NAGALAND,Peren,95219,65.32729812327372,915.3357203202316,61390
MANIPUR,Senapati,479148,55.19735029677678,937.3370046457467,233622
MANIPUR,Tamenglong,140651,60.43753688206981,943.4718326401459,70675
MANIPUR,Churachandpur,274143,71.4718230996232,974.8091053162369,122655
MANIPUR,Bishnupur,237399,65.85242566312411,998.6109006415114,109937
MANIPUR,Thoubal,422168,63.79071838699285,1002.2670682254737,195319
MANIPUR,Imphal West,517992,75.79769571730837,1030.911101178574,213387
MANIPUR,Imphal East,456113,71.18060656021645,1017.3600360911835,194848
MANIPUR,Ukhrul,183998,70.56000608702269,942.5874701746236,87929
MANIPUR,Chandel,144182,62.630564148090606,933.2788050255434,76238
MIZORAM,Mamit,86364,69.69454865453199,926.5637547961095,39339
MIZORAM,Kolasib,83955,78.48847596926926,956.1722354256955,36672
MIZORAM,Aizawl,400309,85.08302336445097,1008.8774025191951,174636
MIZORAM,Champhai,125745,80.16382361127678,983.7350918154856,60342
MIZORAM,Serchhip,64937,83.89054006190617,976.713037654866,32397
MIZORAM,Lunglei,161428,75.03159303218773,947.4731876802065,78292
MIZORAM,Lawngtlai,117894,53.31993146385736,945.477648146009,45566
MIZORAM,Saiha,56574,74.650899706579,978.5269636986781,19461
TRIPURA,West Tripura,1725739,78.88527755355823,962.3425681238259,698178
TRIPURA,South Tripura,876001,73.83667370242728,957.3516793879484,366845
TRIPURA,Dhalai,378230,73.0288448827433,944.1874331770705,155831
TRIPURA,North Tripura,693947,74.99160598720074,966.6354928300176,248667
MEGHALAYA,West Garo Hills,643291,55.76045677617129,984.4921782211816,255693
MEGHALAYA,East Garo Hills,317917,60.439359958731366,971.9084745972968,126073
MEGHALAYA,South Garo Hills,142334,57.654530892126964,945.2507858411917,53069
MEGHALAYA,West Khasi Hills,383461,60.15683472373984,979.5111374958057,163345
MEGHALAYA,Ribhoi,258840,60.214418173388964,953.0524933789077,106473
MEGHALAYA,East Khasi Hills,825922,69.98602773627533,1010.770567913738,326786
MEGHALAYA,Jaintia Hills,395124,47.46029094663954,1013.0116921822861,154180
ASSAM,Kokrajhar,887142,55.15520626912039,958.7816429494044,341131
ASSAM,Dhubri,1949258,47.31754339343483,953.461849900987,669819
ASSAM,Goalpara,1008183,55.90026810608788,964.1510095618089,362573
ASSAM,Barpeta,1693622,52.9668367557814,953.4189000281428,561824
ASSAM,Morigaon,957423,56.39116670478984,967.3708674183347,351148
ASSAM,Nagaon,2823768,60.582739091880065,962.1599986658439,979998
ASSAM,Sonitpur,1924110,57.614793333021495,955.5871304517514,770606
ASSAM,Lakhimpur,1042137,65.58504304136596,967.5064284824251,429995
ASSAM,Dhemaji,686133,61.65393589872517,953.4091200259644,316800
ASSAM,Tinsukia,1327929,60.11782256430879,952.173599850639,557196
ASSAM,Dibrugarh,1326335,66.68986342062902,960.7751827968435,560557
ASSAM,Sivasagar,1151050,70.67503583684463,953.5280779883778,485717
ASSAM,Jorhat,1092256,72.7786343128351,961.6490512836631,498618
ASSAM,Golaghat,1066888,67.6513373475004,964.220553390247,479928
ASSAM,Karbi Anglong,956313,58.26690633715113,950.9942529790867,383441
ASSAM,Dima Hasao,214102,65.79714341762337,932.2936409090089,85028
ASSAM,Cachar,1736617,67.61007176596797,959.4362529392384,608062
ASSAM,Karimganj,1228686,64.72744053403392,963.1836948602253,399171
ASSAM,Hailakandi,659296,61.78802844245984,951.2148924206103,214240
ASSAM,Bongaigaon,738804,58.75414859692151,965.8558131861698,255806
ASSAM,Chirang,482162,53.90345983300219,969.1333823409295,193894
ASSAM,Kamrup,1517542,65.58757517090137,949.4130084872588,628954
ASSAM,Kamrup Metropolitan,1253938,79.84374028061994,936.3295937984974,490932
ASSAM,Nalbari,771639,68.91447943921963,948.5538097907607,267623
ASSAM,Baksa,950075,60.293871536457644,973.8536970477635,406756
ASSAM,Darrang,928500,52.4543887991384,953.6140281480328,324843
ASSAM,Udalguri,831668,56.50403766887748,972.5675198106338,345030
WEST BENGAL,Darjiling,1846823,71.23503443481049,970.4510706218879,683726
WEST BENGAL,Jalpaiguri,3872846,64.5205102397565,952.9606709617037,1512910
WEST BENGAL,Koch Bihar,2819086,65.64198467162761,942.1318845751622,1127977
WEST BENGAL,Uttar Dinajpur,3007134,49.53776585945289,938.7530898104917,1075626
WEST BENGAL,Dakshin Dinajpur,1676276,64.64836339600399,955.5272462987008,702987
WEST BENGAL,Maldah,3988845,52.30667022659442,944.3164918468605,1537847
WEST BENGAL,Murshidabad,7103807,57.09380899565543,958.2857807608632,2589907
WEST BENGAL,Birbhum,3502404,61.62758493880204,955.6451432783151,1331603
WEST BENGAL,Barddhaman,7717563,67.99047834141425,945.4950718308478,2911251
WEST BENGAL,Nadia,5167600,67.35341357690223,947.268939862113,1842607
WEST BENGAL,North Twenty Four Parganas,10009781,76.0125820934544,955.2686853841346,3571624
WEST BENGAL,Hugli,5519145,73.89528631699294,960.8616053204428,2152870
WEST BENGAL,Bankura,3596674,62.08491511880143,956.7399943963724,1466220
WEST BENGAL,Puruliya,2930115,55.455331957960695,957.3298793049547,1249642
WEST BENGAL,Haora,4850029,74.33369986035136,939.3762603371135,1819845
WEST BENGAL,Kolkata,4496694,79.79500050481532,907.9934113102446,1795740
WEST BENGAL,South Twenty Four Parganas,8161961,67.77362695068011,955.5330925602656,2964494
WEST BENGAL,Paschim Medinipur,5913457,68.96832089926417,965.9850692430064,2509159
WEST BENGAL,Purba Medinipur,5095875,76.98764196531508,937.7173616281483,1910320
JHARKHAND,Garhwa,1322784,49.4015651837337,935.097099806166,571431
JHARKHAND,Chatra,1042886,48.908605542695945,953.2077874647663,397690
JHARKHAND,Kodarma,716259,54.48434155801184,950.4795464324033,257418
JHARKHAND,Giridih,2445474,51.256934238515726,943.7865730650553,1036277
JHARKHAND,Deoghar,1492073,53.18359088328788,925.2008330086113,551467
JHARKHAND,Godda,1313551,46.02173802159185,937.5994760497812,552191
JHARKHAND,Sahibganj,1150567,42.00216067382429,952.1285530318582,490202
JHARKHAND,Pakur,900422,39.19062395188034,989.1751222217068,404584
JHARKHAND,Dhanbad,2684487,64.15393332133849,909.3677184776764,844504
JHARKHAND,Bokaro,2062330,61.75151406418953,922.3681426388903,685368
JHARKHAND,Lohardaga,461790,56.239199636198265,985.0921424242034,221332
JHARKHAND,Purbi Singhbhum,2293919,65.72590400968822,949.116409012815,837167
JHARKHAND,Palamu,1939869,52.81609222066026,927.720505375126,713175
JHARKHAND,Latehar,726978,48.23832358063105,966.5806430669847,313379
JHARKHAND,Hazaribagh,1734495,58.41752210297522,946.9435311786872,654636
JHARKHAND,Ramgarh,949443,62.82599376687173,921.0549744046294,312125
JHARKHAND,Dumka,1321442,50.88448830898366,976.6856041907873,624779
JHARKHAND,Jamtara,791042,53.89246083014555,954.01032532174,326631
JHARKHAND,Ranchi,2914253,65.58912352496506,949.4152596397039,1142867
JHARKHAND,Khunti,531885,53.50310687460635,997.0525841515386,259984
JHARKHAND,Gumla,1025213,54.5954840603855,993.0655728144015,487508
JHARKHAND,Simdega,599578,57.28745884605506,996.5369003259975,288645
JHARKHAND,Pashchimi Singhbhum,1502338,48.42858264917748,1004.7612375481227,694863
JHARKHAND,Saraikela-Kharsawan,1065056,57.5550018027221,956.3454816306063,430051
ORISSA,Bargarh,1481255,66.41550577044467,977.218515112239,762092
ORISSA,Jharsuguda,579505,70.03891252016807,953.2340153021672,247707
ORISSA,Sambalpur,1041099,67.59117048426711,975.9811113409771,505840
ORISSA,Debagarh,312520,63.29802892614873,975.0995386462744,165435
ORISSA,Sundargarh,2093437,64.12048702683673,972.8058412265219,873227
ORISSA,Kendujhar,1801733,58.41697965236803,987.5993809067312,766514
ORISSA,Mayurbhanj,2519738,54.34680113567363,1005.8206689470654,1223534
ORISSA,Baleshwar,2320529,69.8647592854905,956.9526398923247,932707
ORISSA,Bhadrak,1506337,72.635804604149,981.3445400257806,468599
ORISSA,Kendrapara,1440361,75.62444414976524,1006.5936301047346,466890
ORISSA,Jagatsinghapur,1136971,78.19258362790255,967.5374006039473,403649
ORISSA,Cuttack,2624470,76.64286503560719,940.0854549217895,936365
ORISSA,Jajapur,1827192,70.62503557371092,973.1370554428887,552234
ORISSA,Dhenkanal,1192811,69.57598479557952,947.1508815804294,435533
ORISSA,Anugul,1273821,68.25574393890508,942.6354011938058,526520
ORISSA,Nayagarh,962789,71.49666230087797,915.4795915931211,343633
ORISSA,Khordha,2251673,77.7171463174271,929.2276742147666,792193
ORISSA,Puri,1698730,76.05322799974098,962.987358154799,621676
ORISSA,Ganjam,3529031,62.62483950976912,983.4730763740025,1501772
ORISSA,Gajapati,577817,45.436011747664054,1042.6078718334852,293933
ORISSA,Kandhamal,733110,54.53288046814257,1036.7278334189946,355349
ORISSA,Baudh,441162,61.56740607758601,990.5786802030458,219457
ORISSA,Subarnapur,610183,65.2953294339567,960.0368761885182,286661
ORISSA,Balangir,1648997,56.23175785037814,986.5112149543969,720601
ORISSA,Nuapada,610382,49.048464731921975,1021.3867970141939,305438
ORISSA,Kalahandi,1576869,50.86256372596583,1003.3883834476134,751930
ORISSA,Rayagada,967911,42.125257384201646,1050.8326976862445,467122
ORISSA,Nabarangapur,1220946,38.52578246703786,1018.7198666693121,610906
ORISSA,Koraput,1379647,41.17647485190052,1032.4524277079415,693406
ORISSA,Malkangiri,613192,39.906913332202635,1019.5768450451874,310666
CHHATTISGARH,Koriya,658917,60.375282471085136,968.4618073293361,307071
CHHATTISGARH,Surguja,2359886,50.33891467638691,977.8967739448124,1155807
CHHATTISGARH,Jashpur,851669,58.16989933882765,1005.1206953786607,487360
CHHATTISGARH,Raigarh,1493984,63.6980717330306,991.240580158288,690167
CHHATTISGARH,Korba,1206640,62.05322217065571,968.6906014700244,521186
CHHATTISGARH,Janjgir - Champa,1619707,62.951756089218605,985.6236905691558,846466
CHHATTISGARH,Bilaspur,2663629,59.939278330428145,970.7607574576012,1203197
CHHATTISGARH,Kabeerdham,822526,50.353058748294885,996.1413199112746,404156
CHHATTISGARH,Rajnandgaon,1537133,65.60128498965283,1014.974012099285,800092
CHHATTISGARH,Durg,3343872,68.88355774383709,987.9139243125115,1496805
CHHATTISGARH,Raipur,4063872,64.71042887177549,984.1323004844287,1757664
CHHATTISGARH,Mahasamund,1032754,61.772987565286606,1017.2276728773535,499260
CHHATTISGARH,Dhamtari,799781,68.37284206551544,1010.0201811021445,402895
CHHATTISGARH,Uttar Bastar Kanker,748941,60.8915789094201,1006.0668884496087,389359
CHHATTISGARH,Bastar,1413199,46.05600485140451,1023.2287787746945,726531
CHHATTISGARH,Narayanpur,139820,40.495637247890144,994.4653657423257,71089
CHHATTISGARH,Dakshin Bastar Dantewada,533638,35.836465918843864,1020.2694005497044,286595
CHHATTISGARH,Bijapur,255230,34.05516592877013,983.7093803191283,134525
MADHYA PRADESH,Sheopur,687861,47.687686901859536,901.3029874179068,277455
MADHYA PRADESH,Morena,1965970,60.00523914403577,840.0774229537717,675993
MADHYA PRADESH,Bhind,1703005,64.29323460588783,837.4255402479168,520768
MADHYA PRADESH,Gwalior,2032036,66.79064740978998,863.6941027783408,685311
MADHYA PRADESH,Datia,786754,62.46488737267304,872.5238422780056,321160
MADHYA PRADESH,Shivpuri,1726050,52.19118797253846,876.5594507471774,759281
MADHYA PRADESH,Tikamgarh,1445166,51.75460812114318,900.6464085854634,655318
MADHYA PRADESH,Chhatarpur,1762375,53.50921341939144,882.6358985643949,751797
MADHYA PRADESH,Panna,1016520,54.35790737024357,905.451000974732,431998
MADHYA PRADESH,Sagar,2378458,64.98828232409402,893.2893508255079,1006035
MADHYA PRADESH,Damoh,1264219,59.1444203891889,910.0628066109359,574595
MADHYA PRADESH,Satna,2228935,61.54423525136444,925.6541064972203,911349
MADHYA PRADESH,Rewa,2365106,60.959508791572134,930.5411803118113,991946
MADHYA PRADESH,Umaria,644758,55.318739744214106,949.829741679116,289691
MADHYA PRADESH,Neemuch,826067,61.59718279510016,954.4803893501288,418682
MADHYA PRADESH,Mandsaur,1340411,62.26381311403741,962.9626375300029,679723
MADHYA PRADESH,Ratlam,1455069,56.75882037209232,970.9945668149019,690980
MADHYA PRADESH,Ujjain,1986864,62.45973554304673,955.0187003893577,897442
MADHYA PRADESH,Shajapur,1512681,59.14082347831433,938.0425869932866,717871
MADHYA PRADESH,Dewas,1563715,59.17759949862986,941.6372077545542,742676
MADHYA PRADESH,Dhar,2185793,49.28819883676084,964.3604664225213,1027974
MADHYA PRADESH,Indore,3276697,70.47127030665331,927.8918256770456,1268195
MADHYA PRADESH,Khargone (West Nimar),1873046,52.654019175183095,965.1712636695655,894119
MADHYA PRADESH,Barwani,1385881,39.68060749804636,981.6984585466296,653897
MADHYA PRADESH,Rajgarh,1545814,52.0272814193687,956.201626905185,745603
MADHYA PRADESH,Vidisha,1458875,59.1495501670808,895.7064223044617,550402
MADHYA PRADESH,Bhopal,2371061,70.03995257819179,918.1323970779772,867457
MADHYA PRADESH,Sehore,1311332,59.509109821158944,917.872650981436,586087
MADHYA PRADESH,Raisen,1331597,61.59671432122481,901.3090448028008,517838
MADHYA PRADESH,Betul,1575362,59.654162027521295,971.0848860661932,786980
MADHYA PRADESH,Harda,570465,61.80046102740746,934.8421845216695,230979
MADHYA PRADESH,Hoshangabad,1241350,65.3034196640754,913.5226791013141,478082
MADHYA PRADESH,Katni,1292042,61.20335097465872,951.6867493538647,543874
MADHYA PRADESH,Jabalpur,2463289,71.30580293258323,928.5457042241392,1005624
MADHYA PRADESH,Narsimhapur,1091854,65.83160385912402,919.5407956962782,477818
MADHYA PRADESH,Dindori,704524,53.754591752729496,1001.9834447718612,389925
MADHYA PRADESH,Mandla,1054905,57.347533664168814,1008.3023652507652,559649
MADHYA PRADESH,Chhindwara,2090922,61.89604394616346,964.2882641845504,957984
MADHYA PRADESH,Seoni,1379131,62.66221265420037,981.8546040331724,684434
MADHYA PRADESH,Balaghat,1701698,67.43987476038639,1020.5918463792689,893014
MADHYA PRADESH,Guna,1241519,52.67579473209834,911.9058398859188,514897
MADHYA PRADESH,Ashoknagar,845071,55.51119373401762,904.0120584809288,315270
MADHYA PRADESH,Shahdol,1066063,56.67526215617651,974.1139696419214,493057
MADHYA PRADESH,Anuppur,749237,58.27194866243926,976.2841783737873,346471
MADHYA PRADESH,Sidhi,1127033,53.306779836970165,956.9534928947478,461760
MADHYA PRADESH,Singrauli,1178273,49.65351832724674,920.1466013294505,499439
MADHYA PRADESH,Jhabua,1025048,34.34775737331325,990.2955790323928,515121
MADHYA PRADESH,Alirajpur,728999,28.77287897514263,1010.7987488346178,366797
MADHYA PRADESH,Khandwa (East Nimar),1310061,55.845872825769185,942.7623608060753,612976
MADHYA PRADESH,Burhanpur,757847,53.92632022030832,950.6800444783065,328339
GUJARAT,Kachchh,2092371,59.851670664523645,907.8147267758816,776228
GUJARAT,Banas Kantha,3120506,54.63610709288814,937.7463317641375,1248600
GUJARAT,Patan,1343734,62.3570587631183,935.1091666582661,554830
GUJARAT,Mahesana,2035064,73.83772697074883,926.1954340665582,812064
GUJARAT,Sabar Kantha,2428589,65.00622377849854,951.8795143345569,1084878
GUJARAT,Gandhinagar,1391753,74.04287973512541,922.6719383751644,534976
GUJARAT,Ahmadabad,7214225,75.34780243200066,904.4688152297844,2594952
GUJARAT,Surendranagar,1756268,62.269881362070024,930.1408809814523,723500
GUJARAT,Rajkot,3804558,71.62608639426709,926.8999642937636,1479050
GUJARAT,Jamnagar,2160119,64.65079007221361,938.7313856139697,847440
GUJARAT,Porbandar,585449,67.24377358232742,950.1380704775672,231169
GUJARAT,Junagadh,2743082,67.18056550988997,953.2668354747657,1123709
GUJARAT,Amreli,1514190,65.74201388200952,963.805153758062,657139
GUJARAT,Bhavnagar,2880365,65.52138357465113,932.8701295999667,1150632
GUJARAT,Anand,2092745,74.12527565470232,924.8517324856699,844794
GUJARAT,Kheda,2299885,72.18808766525284,939.6412496299739,933983
GUJARAT,Panch Mahals,2390776,60.26516076788457,948.5346315001048,1097507
GUJARAT,Dohad,2127086,47.349801559504414,990.4402840590614,999124
GUJARAT,Vadodara,4165626,69.45126614823319,934.1395602803686,1693473
GUJARAT,Narmada,590297,62.73723227460075,960.5594414884783,294795
GUJARAT,Bharuch,1551019,72.09943914291186,925.0409888458211,627124
GUJARAT,The Dangs,228291,61.749258621671466,1005.7019354952075,118257
GUJARAT,Navsari,1329672,75.35008633708162,960.6909822830727,591834
GUJARAT,Valsad,1705678,68.63294244282918,922.4929048197633,743245
GUJARAT,Surat,6081322,75.17131965714033,787.4549118458984,2553542
GUJARAT,Tapi,807022,60.7215168855372,1006.5790127999841,450902
DAMAN AND DIU,Diu,52074,73.08445673464685,1030.808829264488,15750
DAMAN AND DIU,Daman,191173,78.64499693994445,533.5675723373362,105521
DADRA AND NAGAR HAVELI,Dadra AND Nagar Haveli,343709,64.94738281511395,773.8903798513626,157161
MAHARASHTRA,Nandurbar,1648295,54.99676938897466,978.3417549839769,792065
MAHARASHTRA,Dhule,2050862,63.09132452597981,945.7321463979712,936370
MAHARASHTRA,Jalgaon,4229917,68.36734621506758,924.9951646631306,1863571
MAHARASHTRA,Buldana,2586258,72.68702503771858,933.5641017973026,1219641
MAHARASHTRA,Akola,1813906,77.80342531531403,945.553846582877,768154
MAHARASHTRA,Washim,1197160,72.66505730228207,929.9631469832436,569792
MAHARASHTRA,Amravati,2888445,77.96149831483721,950.639803129187,1236322
MAHARASHTRA,Wardha,1300774,78.37318396585418,946.1448117477203,608235
MAHARASHTRA,Nagpur,4653570,78.94601349071789,951.2028427970944,1868560
MAHARASHTRA,Bhandara,1200334,74.9674673882436,982.3193288413264,597305
MAHARASHTRA,Gondiya,1322507,75.93479656440381,999.0915329663187,665419
MAHARASHTRA,Gadchiroli,1072942,66.02081007174667,982.0552419235657,584237
MAHARASHTRA,Chandrapur,2204307,71.61502458595831,961.4168996488805,1058172
MAHARASHTRA,Yavatmal,2772348,72.9552711275785,952.4058691587469,1355999
MAHARASHTRA,Nanded,3361292,65.13641183211693,942.8591246044247,1493953
MAHARASHTRA,Hingoli,1177345,67.16323592489883,941.8714353102621,569182
MAHARASHTRA,Parbhani,1836086,63.058810970727954,947.3373847932377,822797
MAHARASHTRA,Jalna,1959046,61.02577479038267,936.8248089667248,930886
MAHARASHTRA,Aurangabad,3701282,67.64783121091557,923.2744201127687,1575079
MAHARASHTRA,Nashik,6107187,71.15167752354725,934.3766886081467,2763328
MAHARASHTRA,Thane,11060148,74.38563209099914,885.7631560910188,4492767
MAHARASHTRA,Mumbai Suburban,9356962,80.96094651234023,859.741861136723,3735021
MAHARASHTRA,Mumbai,3085411,81.31889074097421,831.53054004255,1284396
MAHARASHTRA,Raigarh,2634200,73.64642016551515,959.4672498502988,1072969
MAHARASHTRA,Pune,9429408,76.05698045943076,914.9486048733729,4048993
MAHARASHTRA,Ahmadnagar,4543159,69.37661657890469,939.1798363087298,2204590
MAHARASHTRA,Bid,2585049,66.4787011774245,916.1200083610925,1255548
MAHARASHTRA,Latur,2454196,67.25917571375717,927.6717407355043,1046857
MAHARASHTRA,Osmanabad,1657576,68.64300641418554,923.9798731334189,773916
MAHARASHTRA,Solapur,4317756,67.41177593175715,938.080267450441,1898395
MAHARASHTRA,Satara,3003741,74.09740054152472,988.1238408781329,1354947
MAHARASHTRA,Ratnagiri,1615069,74.26258568519364,1121.9608971503874,714076
MAHARASHTRA,Sindhudurg,849651,78.39301077736623,1035.9114565861234,347178
MAHARASHTRA,Kolhapur,3876001,72.90619894060914,956.9259306755634,1704054
MAHARASHTRA,Sangli,2822143,72.62094798172878,965.6529649070019,1215104
ANDHRA PRADESH,Adilabad,2741239,54.112282803506005,1001.4931399528475,1323667
ANDHRA PRADESH,Nizamabad,2551335,54.47383428675576,1040.0218767815863,1261076
ANDHRA PRADESH,Karimnagar,3776269,58.43940143035361,1007.7993407060826,1876768
ANDHRA PRADESH,Medak,3033288,53.972356070376435,991.6140850803989,1442203
ANDHRA PRADESH,Hyderabad,3943323,73.34309160066269,953.5181997200996,1413297
ANDHRA PRADESH,Rangareddy,5296741,66.79631871749062,961.0238103700544,2196078
ANDHRA PRADESH,Mahbubnagar,4053028,47.881386459703705,976.7146283675366,2082501
ANDHRA PRADESH,Nalgonda,3488809,57.35536109887357,982.5346692639728,1741693
ANDHRA PRADESH,Warangal,3512576,58.78941836418628,996.5974736270101,1705655
ANDHRA PRADESH,Khammam,2797370,58.27738196949277,1011.0669538486314,1410062
ANDHRA PRADESH,Srikakulam,2703114,55.32067829917643,1014.6362404582713,1290288
ANDHRA PRADESH,Vizianagaram,2344474,52.82157106455435,1018.5281327137774,1157962
ANDHRA PRADESH,Visakhapatnam,4290589,59.857725827386396,1005.9698631545974,1889879
ANDHRA PRADESH,East Godavari,5154296,63.80264152466215,1005.8061523422299,2093681
ANDHRA PRADESH,West Godavari,3936966,67.37139716218022,1003.6286501523219,1773112
ANDHRA PRADESH,Krishna,4517398,66.62503503122815,992.347097414411,2048880
ANDHRA PRADESH,Guntur,4887813,60.56780404651324,1002.7744075957552,2381624
ANDHRA PRADESH,Prakasam,3397448,56.054868242280676,981.2918862304084,1700567
ANDHRA PRADESH,Sri Potti Sriramulu Nellore,2963557,61.82398381404508,985.0024179925438,1314561
ANDHRA PRADESH,Y.S.R.,2882469,59.55887123157265,985.4764195878569,1320404
ANDHRA PRADESH,Kurnool,4053463,52.47762222080231,987.7448660693489,2029425
ANDHRA PRADESH,Anantapur,4081148,56.62524368143473,976.8262940816035,2036166
ANDHRA PRADESH,Chittoor,4174064,63.915598802509976,996.9648895514505,1933357
KARNATAKA,Belgaum,4779661,63.85457043920061,972.5698423854435,2105668
KARNATAKA,Bagalkot,1889752,58.9184189248113,988.9802349409701,818081
KARNATAKA,Bijapur,2177331,57.330190035414915,959.755072356803,927722
KARNATAKA,Bidar,1703300,61.21487700346386,956.320743339861,702608
KARNATAKA,Raichur,1928812,50.79650064391967,999.7822730896796,903413
KARNATAKA,Koppal,1389920,58.210904224703576,985.8099284781534,654766
KARNATAKA,Gadag,1064570,65.77087462543562,981.8969481352405,495722
KARNATAKA,Dharwad,1847023,70.47362160622797,970.7759019895306,784833
KARNATAKA,Uttara Kannada,1437169,75.28036020815924,978.8738406291995,608526
KARNATAKA,Haveri,1597668,67.93920889696733,950.4497465597562,730066
KARNATAKA,Bellary,2452595,57.96395246667305,982.7697715517311,1116880
KARNATAKA,Chitradurga,1659456,65.52701608237881,973.5622464598029,856587
KARNATAKA,Davanagere,1945497,67.25993409396159,972.3205596107056,875207
KARNATAKA,Shimoga,1752753,72.058983781514,997.6328191334774,780598
KARNATAKA,Udupi,1177361,78.68691081155228,1094.4601881056194,513241
KARNATAKA,Chikmagalur,1137961,71.91327295047897,1008.324773835114,565774
KARNATAKA,Tumkur,2678980,67.68960574547029,983.5568646092015,1354646
KARNATAKA,Bangalore,9621551,78.07759892349996,915.6281899176552,4246927
KARNATAKA,Mandya,1805769,63.66534146947921,995.1374732759907,871408
KARNATAKA,Hassan,1776421,68.9732895524203,1010.2832854457617,903580
KARNATAKA,Dakshina Kannada,2089649,79.74176524382803,1019.542598244539,997721
KARNATAKA,Kodagu,554519,74.4567814628534,1019.311163549496,278938
KARNATAKA,Mysore,3001127,65.38143837298455,985.3975919555438,1314268
KARNATAKA,Chamarajanagar,1020791,55.37656582003564,992.833311533273,481693
KARNATAKA,Gulbarga,2566326,55.61912243417243,971.435485171941,1087028
KARNATAKA,Yadgir,1174271,43.43145662287496,989.1806094567605,547696
KARNATAKA,Kolar,1536401,66.14282339050807,978.8883507900607,717872
KARNATAKA,Chikkaballapura,1255104,62.4029562490439,972.0789331858456,639778
KARNATAKA,Bangalore Rural,990923,69.50580418458347,946.1458996174181,459891
KARNATAKA,Ramanagara,1082636,62.32547227322941,975.5842980394447,531459
GOA,North Goa,818008,81.05788696443066,963.1705133712684,327658
GOA,South Goa,640537,78.43840402662141,986.3891361179423,249590
LAKSHADWEEP,Lakshadweep,64473,81.51164053169543,946.4722398333483,18753
KERALA,Kasaragod,1307375,79.35687924275744,1079.7772238245154,462998
KERALA,Kannur,2523003,84.75748938863728,1135.5212172202537,824116
KERALA,Wayanad,817420,78.97837097208289,1034.9827227372762,340077
KERALA,Kozhikode,3086293,84.74383345975252,1098.1745031415242,948981
KERALA,Malappuram,4112920,80.51007556675063,1098.0774645875588,1062424
KERALA,Palakkad,2809934,79.69909613535407,1066.9212741949484,1042340
KERALA,Thrissur,3121200,85.81789055491478,1107.8322459434764,1095727
KERALA,Ernakulam,3282388,86.99995247362591,1026.7196523493772,1249343
KERALA,Idukki,1108974,83.23098647939446,1006.0744417591641,516363
KERALA,Kottayam,1974551,88.61751355118201,1039.2165975240864,735735
KERALA,Alappuzha,2127789,87.07616215705599,1100.1883250324238,804471
KERALA,Pathanamthitta,1197412,88.73746045638427,1131.703565502852,392794
KERALA,Kollam,2635375,85.00775032016317,1113.426326898525,912025
KERALA,Thiruvananthapuram,3301427,84.36981947503307,1087.2940004223365,1231669
TAMIL NADU,Thiruvallur,3728104,74.88313094269903,987.1965851874832,1538054
TAMIL NADU,Chennai,4646732,81.267350903818,989.3160673401135,1817297
TAMIL NADU,Kancheepuram,3998252,75.36748559120335,986.2570406337339,1673814
TAMIL NADU,Vellore,3936331,70.46988680575896,1006.6040063455555,1689330
TAMIL NADU,Tiruvannamalai,2464875,65.9998174349612,994.4145469374677,1238177
TAMIL NADU,Viluppuram,3458873,63.48241175666178,986.9228219590894,1703249
TAMIL NADU,Salem,3482056,65.63828956225862,954.4862371468777,1694160
TAMIL NADU,Namakkal,1726601,68.11828557958671,986.2426375851279,898245
TAMIL NADU,Erode,2251744,66.28915187516876,992.9266073559036,1195773
TAMIL NADU,The Nilgiris,735394,77.46146963396492,1041.9500031931761,349974
TAMIL NADU,Dindigul,2159775,68.61057286059891,998.0563177536546,1105155
TAMIL NADU,Karur,1064493,68.29955669036809,1015.3828968692728,543298
TAMIL NADU,Tiruchirappalli,2722290,74.89947801299641,1013.1052352908116,1213979
TAMIL NADU,Perambalur,565223,66.49110174214425,1003.2216106635667,299726
TAMIL NADU,Ariyalur,754894,63.66509735141622,1014.6462665097424,359851
TAMIL NADU,Cuddalore,2605914,69.66005017817164,986.6737516362391,1169880
TAMIL NADU,Nagapattinam,1616450,75.0414797859507,1025.3042435602354,671994
TAMIL NADU,Thiruvarur,1264277,74.86262899665184,1017.378525051341,540168
TAMIL NADU,Thanjavur,2405890,74.44222304427883,1034.7238197047402,974079
TAMIL NADU,Pudukkottai,1618345,68.62226533897284,1014.9018660637361,761693
TAMIL NADU,Sivaganga,1339101,71.67077016595462,1002.6275961906586,620171
TAMIL NADU,Madurai,3038252,74.82690705050142,990.3712802371477,1354632
TAMIL NADU,Theni,1245899,69.83551636208072,991.2623485055532,591642
TAMIL NADU,Virudhunagar,1942288,72.01753807880192,1007.0992416108562,950158
TAMIL NADU,Ramanathapuram,1353445,72.32994321897085,982.610619080125,602977
TAMIL NADU,Thoothukkudi,1750176,77.11778701113488,1023.2757355023751,748095
TAMIL NADU,Tirunelveli,3077233,73.87991094596997,1023.2814258813132,1436454
TAMIL NADU,Kanniyakumari,1870374,82.8036531731087,1019.090079829869,679620
TAMIL NADU,Dharmapuri,1506843,60.902761601573616,946.0637502373102,751170
TAMIL NADU,Krishnagiri,1879809,63.195675730885426,957.6612735255646,877779
TAMIL NADU,Coimbatore,3458045,76.22535276435094,999.682529952923,1567950
TAMIL NADU,Tiruppur,2479052,71.0177116091151,989.3544884721773,1266137
PONDICHERRY,Yanam,55626,70.60367454068242,1037.5077835976706,16760
PONDICHERRY,PONDICHERRY,950289,76.46610662651047,1029.41327217047,348105
PONDICHERRY,Mahe,41816,87.21541993495313,1184.4016089432168,11802
PONDICHERRY,Karaikal,200222,77.3721169501853,1047.071332903925,68301
ANDAMAN AND NICOBAR ISLANDS,Nicobars,36842,68.7584821670919,777.4883002846528,17125
ANDAMAN AND NICOBAR ISLANDS,North  AND Middle Andaman,105597,74.51253350000474,924.8099742986822,38579
ANDAMAN AND NICOBAR ISLANDS,South Andaman,238142,79.89602842001831,870.9647007063002,96831
